-- RANGOS
INSERT INTO RANGO (ID, VERSION, PUNTAJE_MAXIMO, DESCRIPCION) VALUES (1, 0, 1000, 'Sin Rango')
INSERT INTO RANGO (ID, VERSION, PUNTAJE_MAXIMO, DESCRIPCION) VALUES (2, 0, 25000, 'Trainee')

-- VER SI SON NECESARIOS PARA LAS HISTORIAS DE USUARIO SOLICITADAS
INSERT INTO RANGO (ID, VERSION, PUNTAJE_MAXIMO, DESCRIPCION) VALUES (3, 0, 100000, 'Junior')
INSERT INTO RANGO (ID, VERSION, PUNTAJE_MAXIMO, DESCRIPCION) VALUES (4, 0, 500000, 'Semi Senior')
INSERT INTO RANGO (ID, VERSION, PUNTAJE_MAXIMO, DESCRIPCION) VALUES (5, 0, 1000000, 'Senior')

-- DESARROLLADOR (INICIALIZADO CON 400 PUNTOS DE INVESTIGACION PARA HISTORIA DE USUARIO SOLICITADA)
INSERT INTO DESARROLLADOR (ID, VERSION, RANGO_ID, PUNTOS_INVESTIGACION) VALUES (1, 0, 1, 0)

-- PROYECTO
INSERT INTO PROYECTO (ID, VERSION, DESCRIPCION) VALUES (1, 0, 'The Tales of Lezda')

-- DESARROLLO
INSERT INTO DESARROLLO (ID, VERSION, PROYECTO_ID, PUNTAJE_OTORGADO, NRO_ORDEN, NOMBRE, DESCRIPCION, ANIMACION_HTML, ANIMACION_SCRIPT, CODIGO_INICIAL) VALUES (1, 0, 1, 200, 1, 'Saltar Obstáculo', 'Agregar acá un texto que explique lo que se tiene que desarrollar.', ' ', ' ', ' ')
INSERT INTO DESARROLLO (ID, VERSION, PROYECTO_ID, PUNTAJE_OTORGADO, NRO_ORDEN, NOMBRE, DESCRIPCION, ANIMACION_HTML, ANIMACION_SCRIPT, CODIGO_INICIAL) VALUES (2, 0, 1, 200, 2, 'Saltar Doble', 'Agregar acá un texto que explique lo que se tiene que desarrollar.', ' ', ' ', ' ')
INSERT INTO DESARROLLO (ID, VERSION, PROYECTO_ID, PUNTAJE_OTORGADO, NRO_ORDEN, NOMBRE, DESCRIPCION, ANIMACION_HTML, ANIMACION_SCRIPT, CODIGO_INICIAL) VALUES (3, 0, 1, 200, 3, 'Atacar', 'Agregar acá un texto que explique lo que se tiene que desarrollar.', ' ', ' ', ' ')
INSERT INTO DESARROLLO (ID, VERSION, PROYECTO_ID, PUNTAJE_OTORGADO, NRO_ORDEN, NOMBRE, DESCRIPCION, ANIMACION_HTML, ANIMACION_SCRIPT, CODIGO_INICIAL) VALUES (4, 0, 1, 200, 4, 'Atacar a Distancia', 'Agregar acá un texto que explique lo que se tiene que desarrollar.', ' ', ' ', ' ')
INSERT INTO DESARROLLO (ID, VERSION, PROYECTO_ID, PUNTAJE_OTORGADO, NRO_ORDEN, NOMBRE, DESCRIPCION, ANIMACION_HTML, ANIMACION_SCRIPT, CODIGO_INICIAL) VALUES (5, 0, 1, 200, 5, 'Defender Horda', 'Agregar acá un texto que explique lo que se tiene que desarrollar.', ' ', ' ', ' ')

-- PRUEBA_AUTOMATIZADA
INSERT INTO PRUEBA_AUTOMATIZADA (ID, VERSION, DESARROLLO_ID, CODIGO_INICIAL, DESCRIPCION, NRO_ORDEN) VALUES (1, 0, 1, '', 'Prueba 1', 1) 
INSERT INTO PRUEBA_AUTOMATIZADA (ID, VERSION, DESARROLLO_ID, CODIGO_INICIAL, DESCRIPCION, NRO_ORDEN) VALUES (2, 0, 1, '', 'Prueba 2', 2) 
INSERT INTO PRUEBA_AUTOMATIZADA (ID, VERSION, DESARROLLO_ID, CODIGO_INICIAL, DESCRIPCION, NRO_ORDEN) VALUES (3, 0, 1, '', 'Prueba 3', 3) 
INSERT INTO PRUEBA_AUTOMATIZADA (ID, VERSION, DESARROLLO_ID, CODIGO_INICIAL, DESCRIPCION, NRO_ORDEN) VALUES (4, 0, 2, '', 'Prueba 1', 1) 
INSERT INTO PRUEBA_AUTOMATIZADA (ID, VERSION, DESARROLLO_ID, CODIGO_INICIAL, DESCRIPCION, NRO_ORDEN) VALUES (5, 0, 2, '', 'Prueba 2', 2) 
INSERT INTO PRUEBA_AUTOMATIZADA (ID, VERSION, DESARROLLO_ID, CODIGO_INICIAL, DESCRIPCION, NRO_ORDEN) VALUES (6, 0, 2, '', 'Prueba 3', 3) 
INSERT INTO PRUEBA_AUTOMATIZADA (ID, VERSION, DESARROLLO_ID, CODIGO_INICIAL, DESCRIPCION, NRO_ORDEN) VALUES (7, 0, 3, '', 'Prueba 1', 1) 
INSERT INTO PRUEBA_AUTOMATIZADA (ID, VERSION, DESARROLLO_ID, CODIGO_INICIAL, DESCRIPCION, NRO_ORDEN) VALUES (8, 0, 3, '', 'Prueba 2', 2) 
INSERT INTO PRUEBA_AUTOMATIZADA (ID, VERSION, DESARROLLO_ID, CODIGO_INICIAL, DESCRIPCION, NRO_ORDEN) VALUES (9, 0, 3, '', 'Prueba 3', 3) 

-- TO-DO: INSERTAR PISTA POST MODELADO
INSERT INTO PISTA (ID, VERSION, DESARROLLO_ID, COSTO, DESCRIPCION) VALUES (1, 0, 1, 250, 'Acá va la descripción de la Pista para el Desarrollo')

-- INVESTIGACIONES, PREGUNTAS, RESPUESTAS
INSERT INTO INVESTIGACION (ID, VERSION, PROYECTO_ID, PUNTAJE_OTORGADO, NRO_ORDEN, NOMBRE, DESCRIPCION) VALUES (1, 0, 1, 150, 4, 'Investigación 1', 'Acá poner una descripción para la Investigación')

INSERT INTO PREGUNTA (ID, VERSION, DESCRIPCION, INVESTIGACION_ID) VALUES (1, 0, '¿Esto es una Pregunta de ejemplo?', 1)
INSERT INTO PREGUNTA (ID, VERSION, DESCRIPCION, INVESTIGACION_ID) VALUES (2, 0, '¿Esto es otra Pregunta de ejemplo?', 1)

INSERT INTO RESPUESTA (ID, VERSION, DESCRIPCION, PREGUNTA_ID, ES_CORRECTA) VALUES (1, 0, 'Respuesta A Pregunta 1', 1, 1)
INSERT INTO RESPUESTA (ID, VERSION, DESCRIPCION, PREGUNTA_ID, ES_CORRECTA) VALUES (2, 0, 'Respuesta B Pregunta 1', 1, 0)
INSERT INTO RESPUESTA (ID, VERSION, DESCRIPCION, PREGUNTA_ID, ES_CORRECTA) VALUES (3, 0, 'Respuesta A Pregunta 2', 2, 1)
INSERT INTO RESPUESTA (ID, VERSION, DESCRIPCION, PREGUNTA_ID, ES_CORRECTA) VALUES (4, 0, 'Respuesta B Pregunta 2', 2, 0)